Model,TOPSIS Score
Mistral,0.8648613905955018
GPT-4,0.8365429990160971
LLaMA 2,0.7149487022132451
Falcon,0.44498796824293085
T5,0.38098713447586663
GPT-NeoX,0.20730909565290023
Bloom,0.0
